{
  "Profiles": [
    {
      "Ansi 0 Color":{
        "Alpha Component":1,
        "Blue Component":0.25332218408584595,
        "Color Space":"sRGB",
        "Green Component":0.20616495609283447,
        "Red Component":0.0
      },
      "Ansi 1 Color":{
        "Alpha Component":1,
        "Blue Component":0.39800482988357544,
        "Color Space":"sRGB",
        "Green Component":0.3177674412727356,
        "Red Component":0.93087571859359741
      },
      "Ansi 10 Color":{
        "Alpha Component":1,
        "Blue Component":0.0,
        "Color Space":"sRGB",
        "Green Component":0.61745703220367432,
        "Red Component":0.10607669502496719
      },
      "Ansi 11 Color":{
        "Alpha Component":1,
        "Blue Component":0.0072929798625409603,
        "Color Space":"sRGB",
        "Green Component":0.63990908861160278,
        "Red Component":0.84345763921737671
      },
      "Ansi 12 Color":{
        "Alpha Component":1,
        "Blue Component":0.79869800806045532,
        "Color Space":"sRGB",
        "Green Component":0.51863288879394531,
        "Red Component":0.0
      },
      "Ansi 13 Color":{
        "Alpha Component":1,
        "Blue Component":0.88381689786911011,
        "Color Space":"sRGB",
        "Green Component":0.20014944672584534,
        "Red Component":0.70425337553024292
      },
      "Ansi 14 Color":{
        "Alpha Component":1,
        "Blue Component":0.64729845523834229,
        "Color Space":"sRGB",
        "Green Component":0.42234182357788086,
        "Red Component":0.0
      },
      "Ansi 15 Color":{
        "Alpha Component":1,
        "Blue Component":0.90867072343826294,
        "Color Space":"sRGB",
        "Green Component":0.90867072343826294,
        "Red Component":0.90867072343826294
      },
      "Ansi 2 Color":{
        "Alpha Component":1,
        "Blue Component":0.29969948530197144,
        "Color Space":"sRGB",
        "Green Component":0.75637584924697876,
        "Red Component":0.43073362112045288
      },
      "Ansi 3 Color":{
        "Alpha Component":1,
        "Blue Component":0.0038974774070084095,
        "Color Space":"sRGB",
        "Green Component":0.53725278377532959,
        "Red Component":0.70980387926101685
      },
      "Ansi 4 Color":{
        "Alpha Component":1,
        "Blue Component":0.89997482299804688,
        "Color Space":"sRGB",
        "Green Component":0.68195265531539917,
        "Red Component":0.24924737215042114
      },
      "Ansi 5 Color":{
        "Alpha Component":1,
        "Blue Component":1,
        "Color Space":"sRGB",
        "Green Component":0.48246389627456665,
        "Red Component":0.88144427537918091
      },
      "Ansi 6 Color":{
        "Alpha Component":1,
        "Blue Component":0.69634932279586792,
        "Color Space":"sRGB",
        "Green Component":0.52977645397186279,
        "Red Component":0.36160045862197876
      },
      "Ansi 7 Color":{
        "Alpha Component":1,
        "Blue Component":0.88941824436187744,
        "Color Space":"sRGB",
        "Green Component":0.88941824436187744,
        "Red Component":0.88941824436187744
      },
      "Ansi 8 Color":{
        "Alpha Component":1,
        "Blue Component":0.20169109106063843,
        "Color Space":"sRGB",
        "Green Component":0.15712705254554749,
        "Red Component":0.0
      },
      "Ansi 9 Color":{
        "Alpha Component":1,
        "Blue Component":0.31250196695327759,
        "Color Space":"sRGB",
        "Green Component":0.14336654543876648,
        "Red Component":0.91555124521255493
      },
      "Background Color":{
        "Alpha Component":1,
        "Blue Component":0.08345378190279007,
        "Color Space":"sRGB",
        "Green Component":0.077241368591785431,
        "Red Component":0.064325429499149323
      },
      "Badge Color":{
        "Alpha Component":0.5,
        "Blue Component":0.0,
        "Color Space":"sRGB",
        "Green Component":0.14910030364990234,
        "Red Component":1
      },
      "Bold Color":{
        "Alpha Component":1,
        "Blue Component":0.75077253580093384,
        "Color Space":"sRGB",
        "Green Component":0.73057466745376587,
        "Red Component":0.71262890100479126
      },
      "Cursor Color":{
        "Alpha Component":1,
        "Blue Component":0.58823102712631226,
        "Color Space":"sRGB",
        "Green Component":0.58038091659545898,
        "Red Component":0.51372915506362915
      },
      "Cursor Guide Color":{
        "Alpha Component":0.25,
        "Blue Component":1,
        "Color Space":"sRGB",
        "Green Component":0.92681378126144409,
        "Red Component":0.70214027166366577
      },
      "Cursor Text Color":{
        "Alpha Component":1,
        "Blue Component":0.25332218408584595,
        "Color Space":"sRGB",
        "Green Component":0.20616495609283447,
        "Red Component":0.0
      },
      "Foreground Color":{
        "Alpha Component":1,
        "Blue Component":0.977386474609375,
        "Color Space":"sRGB",
        "Green Component":0.977386474609375,
        "Red Component":0.977386474609375
      },
      "Link Color":{
        "Alpha Component":1,
        "Blue Component":0.73422706127166748,
        "Color Space":"sRGB",
        "Green Component":0.35915294289588928,
        "Red Component":0.0
      },
      "Selected Text Color":{
        "Alpha Component":1,
        "Blue Component":0.98138290643692017,
        "Color Space":"sRGB",
        "Green Component":0.96904557943344116,
        "Red Component":0.95917648077011108
      },
      "Selection Color":{
        "Alpha Component":1,
        "Blue Component":0.456531822681427,
        "Color Space":"sRGB",
        "Green Component":0.30562740564346313,
        "Red Component":0.10442320257425308
      },
      "Tab Color":{
        "Alpha Component":1,
        "Blue Component":0.32156860828399658,
        "Color Space":"sRGB",
        "Green Component":0.25882357358932495,
        "Red Component":0.23137256503105164
      },
      "Underline Color":{
        "Alpha Component":1,
        "Blue Component":0.50694197416305542,
        "Color Space":"sRGB",
        "Green Component":0.3795028030872345,
        "Red Component":0.34893858432769775
      },
      "Use Tab Color": false,
      "ASCII Anti Aliased": true,
      "ASCII Ligatures": false,
      "Ambiguous Double Width": false,
      "Background Image Location": "",
      "BM Growl": true,
      "Blinking Cursor": true,
      "Blur Radius": 25.331450267673766,
      "Blur": true,
      "Character Encoding": 4,
      "Close Sessions On End": true,
      "Columns": 80,
      "Command": "",
      "Cursor Type": 2,
      "Custom Command": "No",
      "Custom Directory": "No",
      "Default Bookmark": "No",
      "Description": "Default",
      "Disable Window Resizing": true,
      "Draw Powerline Glyphs": true,
      "Flashing Bell": false,
      "Guid": "276F1793-2DB8-48E2-AF1F-34152C8E8C36",
      "Horizontal Spacing": 1,
      "Idle Code": 0,
      "Jobs to Ignore": [
        "rlogin",
        "ssh",
        "slogin",
        "telnet"
      ],
      "Keyboard Map": {
        "0xf700-0x260000": {
          "Text": "[1;6A",
          "Action": 10
        },
        "0x37-0x40000": {
          "Text": "0x1f",
          "Action": 11
        },
        "0x32-0x40000": {
          "Text": "0x00",
          "Action": 11
        },
        "0xf709-0x20000": {
          "Text": "[17;2~",
          "Action": 10
        },
        "0xf70c-0x20000": {
          "Text": "[20;2~",
          "Action": 10
        },
        "0xf729-0x20000": {
          "Text": "[1;2H",
          "Action": 10
        },
        "0xf72b-0x40000": {
          "Text": "[1;5F",
          "Action": 10
        },
        "0xf705-0x20000": {
          "Text": "[1;2Q",
          "Action": 10
        },
        "0xf703-0x260000": {
          "Text": "[1;6C",
          "Action": 10
        },