{
  "Profiles": [
    {
      "Ansi 0 Color": {
        "Alpha Component": 1,
        "Blue Component": 0.22745098173618317,
        "Color Space": "sRGB",
        "Green Component": 0.13725490868091583,
        "Red Component": 0.14901961386203766
      },
      "Ansi 1 Color": {
        "Alpha Component": 1,
        "Blue Component": 0.572549045085907,
        "Color Space": "sRGB",
        "Green Component": 0.43529412150382996,
        "Red Component": 0.9215686321258545
      },
      "Ansi 10 Color": {
        "Alpha Component": 1,
        "Blue Component": 0.8470588326454163,
        "Color Space": "sRGB",
        "Green Component": 0.8117647171020508,
        "Red Component": 0.6117647290229797
      },
      "Ansi 11 Color": {
        "Alpha Component": 1,
        "Blue Component": 0.46666666865348816,
        "Color Space": "sRGB",
        "Green Component": 0.7568627595901489,
        "Red Component": 0.9647058844566345
      },
      "Ansi 12 Color": {
        "Alpha Component": 1,
        "Blue Component": 0.5607843399047852,
        "Color Space": "sRGB",
        "Green Component": 0.45490196347236633,
        "Red Component": 0.1921568661928177
      },
      "Ansi 13 Color": {
        "Alpha Component": 1,
        "Blue Component": 0.9058823585510254,
        "Color Space": "sRGB",
        "Green Component": 0.6549019813537598,
        "Red Component": 0.7686274647712708
      },
      "Ansi 14 Color": {
        "Alpha Component": 1,
        "Blue Component": 0.729411780834198,
        "Color Space": "sRGB",
        "Green Component": 0.7372549176216125,
        "Red Component": 0.9215686321258545
      },
      "Ansi 15 Color": {
        "Alpha Component": 1,
        "Blue Component": 0.95686274766922,
        "Color Space": "sRGB",
        "Green Component": 0.8705882430076599,
        "Red Component": 0.8784313797950745
      },
      "Ansi 2 Color": {
        "Alpha Component": 1,
        "Blue Component": 0.8470588326454163,
        "Color Space": "sRGB",
        "Green Component": 0.8117647171020508,
        "Red Component": 0.6117647290229797
      },
      "Ansi 3 Color": {
        "Alpha Component": 1,
        "Blue Component": 0.46666666865348816,
        "Color Space": "sRGB",
        "Green Component": 0.7568627595901489,
        "Red Component": 0.9647058844566345
      },
      "Ansi 4 Color": {
        "Alpha Component": 1,
        "Blue Component": 0.5607843399047852,
        "Color Space": "sRGB",
        "Green Component": 0.45490196347236633,
        "Red Component": 0.1921568661928177
      },
      "Ansi 5 Color": {
        "Alpha Component": 1,
        "Blue Component": 0.9058823585510254,
        "Color Space": "sRGB",
        "Green Component": 0.6549019813537598,
        "Red Component": 0.7686274647712708
      },
      "Ansi 6 Color": {
        "Alpha Component": 1,
        "Blue Component": 0.729411780834198,
        "Color Space": "sRGB",
        "Green Component": 0.7372549176216125,
        "Red Component": 0.9215686321258545
      },
      "Ansi 7 Color": {
        "Alpha Component": 1,
        "Blue Component": 0.95686274766922,
        "Color Space": "sRGB",
        "Green Component": 0.8705882430076599,
        "Red Component": 0.8784313797950745
      },
      "Ansi 8 Color": {
        "Alpha Component": 1,
        "Blue Component": 0.5254902243614197,
        "Color Space": "sRGB",
        "Green Component": 0.4156862795352936,
        "Red Component": 0.4313725531101227
      },
      "Ansi 9 Color": {
        "Alpha Component": 1,
        "Blue Component": 0.572549045085907,
        "Color Space": "sRGB",
        "Green Component": 0.43529412150382996,
        "Red Component": 0.9215686321258545
      },
      "Background Color": {
        "Alpha Component": 1,
        "Blue Component": 0.1411764770746231,
        "Color Space": "sRGB",
        "Green Component": 0.09019608050584793,
        "Red Component": 0.09803921729326248
      },
      "Badge Color": {
        "Alpha Component": 0.709014892578125,
        "Blue Component": 0.729411780834198,
        "Color Space": "sRGB",
        "Green Component": 0.7372549176216125,
        "Red Component": 0.9215686321258545
      },
      "Bold Color": {
        "Alpha Component": 1,
        "Blue Component": 0.95686274766922,
        "Color Space": "sRGB",
        "Green Component": 0.8705882430076599,
        "Red Component": 0.8784313797950745
      },
      "Cursor Color": {
        "Alpha Component": 1,
        "Blue Component": 0.8541412353515625,
        "Color Space": "sRGB",
        "Green Component": 0.8541412353515625,
        "Red Component": 0.8541412353515625
      },
      "Cursor Guide Color": {
        "Alpha Component": 0.25,
        "Blue Component": 1,
        "Color Space": "sRGB",
        "Green Component": 0.9268307089805603,
        "Red Component": 0.7021318674087524
      },
      "Cursor Text Color": {
        "Alpha Component": 1,
        "Blue Component": 0.1795501708984375,
        "Color Space": "sRGB",
        "Green Component": 0.1633612220717703,
        "Red Component": 0.16483294469237644
      },
      "Foreground Color": {
        "Alpha Component": 1,
        "Blue Component": 0.95686274766922,
        "Color Space": "sRGB",
        "Green Component": 0.8705882430076599,
        "Red Component": 0.8784313797950745
      },
      "Link Color": {
        "Alpha Component": 1,
        "Blue Component": 0.9058823585510254,
        "Color Space": "sRGB",
        "Green Component": 0.6549019813537598,
        "Red Component": 0.7686274647712708
      },
      "Selected Text Color": {
        "Alpha Component": 1,
        "Blue Component": 0.95686274766922,
        "Color Space": "sRGB",
        "Green Component": 0.95686274766922,
        "Red Component": 0.95686274766922
      },
      "Selection Color": {
        "Alpha Component": 1,
        "Blue Component": 0.3460235595703125,
        "Color Space": "sRGB",
        "Green Component": 0.25165350438908163,
        "Red Component": 0.2642361784132457
      },
      "Tab Color": {
        "Alpha Component": 1,
        "Blue Component": 0.95686274766922,
        "Color Space": "sRGB",
        "Green Component": 0.8705882430076599,
        "Red Component": 0.8784313797950745
      },
      "Use Tab Color": false,
      "ASCII Anti Aliased": true,
      "ASCII Ligatures": false,
      "Ambiguous Double Width": false,
      "Background Image Location": "",
      "BM Growl": true,
      "Blinking Cursor": true,
      "Blur Radius": 25.331450267673766,
      "Blur": true,
      "Character Encoding": 4,
      "Close Sessions On End": true,
      "Columns": 80,
      "Command": "",
      "Cursor Type": 2,
      "Custom Command": "No",
      "Custom Directory": "No",
      "Default Bookmark": "No",
      "Description": "Default",
      "Disable Window Resizing": true,
      "Draw Powerline Glyphs": true,
      "Flashing Bell": false,
      "Guid": "276F1793-2DB8-48E2-AF1F-34152C8E8C36",
      "Horizontal Spacing": 1,
      "Idle Code": 0,
      "Jobs to Ignore": [
        "rlogin",
        "ssh",
        "slogin",
        "telnet"
      ],
      "Keyboard Map": {
        "0xf700-0x260000": {
          "Text": "[1;6A",
          "Action": 10
        },
        "0x37-0x40000": {
          "Text": "0x1f",
          "Action": 11
        },
        "0x32-0x40000": {
          "Text": "0x00",
          "Action": 11
        },
        "0xf709-0x20000": {
          "Text": "[17;2~",
          "Action": 10
        },
        "0xf70c-0x20000": {
          "Text": "[20;2~",
          "Action": 10
        },
        "0xf729-0x20000": {
          "Text": "[1;2H",
          "Action": 10
        },
        "0xf72b-0x40000": {
          "Text": "[1;5F",
          "Action": 10
        },
        "0xf705-0x20000": {
          "Text": "[1;2Q",
          "Action": 10
        },
        "0xf703-0x260000": {
          "Text": "[1;6C",
          "Action": 10
        },