{
  "Profiles": [
    {
      "Ansi 6 Color" : {
        "Red Component" : 0.14399123191833496,
        "Color Space" : "sRGB",
        "Blue Component" : 0.86154443025588989,
        "Alpha Component" : 1,
        "Green Component" : 0.81006348133087158
      },
      "Tags" : [
        "Dynamic"
      ],
      "Ansi 12 Color" : {
        "Red Component" : 0.3333333432674408,
        "Color Space" : "sRGB",
        "Blue Component" : 1,
        "Alpha Component" : 1,
        "Green Component" : 0.43529412150382996
      },
      "Ansi 7 Color" : {
        "Red Component" : 0.99215686321258545,
        "Color Space" : "sRGB",
        "Blue Component" : 0.99215686321258545,
        "Alpha Component" : 1,
        "Green Component" : 0.99215686321258545
      },
      "Draw Powerline Glyphs" : true,
      "Bold Color" : {
        "Red Component" : 0.99999600648880005,
        "Color Space" : "sRGB",
        "Blue Component" : 1,
        "Alpha Component" : 1,
        "Green Component" : 1
      },
      "Ansi 8 Color" : {
        "Red Component" : 0.573028564453125,
        "Color Space" : "sRGB",
        "Blue Component" : 0.573028564453125,
        "Alpha Component" : 1,
        "Green Component" : 0.573028564453125
      },
      "Ansi 9 Color" : {
        "Red Component" : 1,
        "Color Space" : "sRGB",
        "Blue Component" : 0.44313725829124451,
        "Alpha Component" : 1,
        "Green Component" : 0.28627452254295349
      },
      "Ansi 0 Color" : {
        "Red Component" : 0.15465799532830715,
        "Color Space" : "sRGB",
        "Blue Component" : 0.200897216796875,
        "Alpha Component" : 1,
        "Green Component" : 0.16621780069544911
      },
      "Rows" : 25,
      "Default Bookmark" : "No",
      "Right Option Key Sends" : 0,
      "Cursor Guide Color" : {
        "Red Component" : 0.70213186740875244,
        "Color Space" : "sRGB",
        "Blue Component" : 1,
        "Alpha Component" : 0.25,
        "Green Component" : 0.9268307089805603
      },
      "Non-ASCII Anti Aliased" : true,
      "Use Bright Bold" : true,
      "Ansi 10 Color" : {
        "Red Component" : 0.080334842205047607,
        "Color Space" : "sRGB",
        "Blue Component" : 0.16823085975920549,
        "Alpha Component" : 1,
        "Green Component" : 0.71923828125
      },
      "Ambiguous Double Width" : false,
      "Jobs to Ignore" : [
        "rlogin",
        "ssh",
        "slogin",
        "telnet"
      ],
      "Ansi 15 Color" : {
        "Red Component" : 1,
        "Color Space" : "sRGB",
        "Blue Component" : 1,
        "Alpha Component" : 1,
        "Green Component" : 1
      },
      "Foreground Color" : {
        "Red Component" : 0.99215686321258545,
        "Color Space" : "sRGB",
        "Blue Component" : 0.99215686321258545,
        "Alpha Component" : 1,
        "Green Component" : 0.99215686321258545
      },
      "Working Directory" : "\/Users\/vitosartori",
      "Blinking Cursor" : true,
      "Disable Window Resizing" : true,
      "Sync Title" : false,
      "Prompt Before Closing 2" : false,
      "BM Growl" : true,
      "Command" : "",
      "Description" : "Default",
      "Dynamic Profile Filename" : "\/Users\/vitosartori\/Library\/Application Support\/iTerm2\/DynamicProfiles\/DynamicDefault.json",
      "Mouse Reporting" : true,
      "Screen" : -1,
      "Selection Color" : {
        "Red Component" : 0.75813239812850952,
        "Color Space" : "sRGB",
        "Blue Component" : 1,
        "Alpha Component" : 1,
        "Green Component" : 0.86970102787017822
      },
      "Columns" : 80,
      "Idle Code" : 0,
      "Ansi 13 Color" : {
        "Red Component" : 1,
        "Color Space" : "sRGB",
        "Blue Component" : 0.9748651385307312,
        "Alpha Component" : 1,
        "Green Component" : 0.38686990737915039
      },
      "Title Components" : 2,
      "Custom Command" : "No",
      "ASCII Anti Aliased" : true,
      "Non Ascii Font" : "VictorMonoNerdFontCompleteM-Regular 12",
      "Vertical Spacing" : 1,
      "Use Bold Font" : true,
      "Option Key Sends" : 2,
      "Selected Text Color" : {
        "Red Component" : 0,
        "Color Space" : "sRGB",
        "Blue Component" : 0,
        "Alpha Component" : 1,
        "Green Component" : 0
      },
      "Background Color" : {
        "Red Component" : 0.11372549086809158,
        "Color Space" : "sRGB",
        "Blue Component" : 0.15686275064945221,
        "Alpha Component" : 1,
        "Green Component" : 0.12156862765550613
      },
      "Character Encoding" : 4,
      "Ansi 11 Color" : {
        "Red Component" : 1,
        "Color Space" : "sRGB",
        "Blue Component" : 0.21568627655506134,
        "Alpha Component" : 1,
        "Green Component" : 0.50196081399917603
      },
      "Thin Strokes" : 0,
      "Use Italic Font" : true,
      "Unlimited Scrollback" : true,
      "Keyboard Map" : {
        "0xf700-0x260000" : {
          "Text" : "[1;6A",
          "Action" : 10
        },
        "0x37-0x40000" : {
          "Text" : "0x1f",
          "Action" : 11
        },
        "0x32-0x40000" : {
          "Text" : "0x00",
          "Action" : 11
        },
        "0xf709-0x20000" : {
          "Text" : "[17;2~",
          "Action" : 10
        },
        "0xf70c-0x20000" : {
          "Text" : "[20;2~",
          "Action" : 10
        },
        "0xf729-0x20000" : {
          "Text" : "[1;2H",
          "Action" : 10
        },
        "0xf72b-0x40000" : {
          "Text" : "[1;5F",
          "Action" : 10
        },
        "0xf705-0x20000" : {
          "Text" : "[1;2Q",
          "Action" : 10
        },
        "0xf703-0x260000" : {
          "Text" : "[1;6C",
          "Action" : 10
        },
        "0xf700-0x220000" : {
          "Text" : "[1;2A",
          "Action" : 10
        },
        "0xf703-0x300000" : {
          "Action" : 11,
          "Text" : "0x05"
        },
        "0xf701-0x280000" : {
          "Text" : "0x1b 0x1b 0x5b 0x42",
          "Action" : 11
        },
        "0x38-0x40000" : {
          "Text" : "0x7f",
          "Action" : 11
        },
        "0x33-0x40000" : {
          "Text" : "0x1b",
          "Action" : 11
        },
        "0xf703-0x220000" : {
          "Text" : "[1;2C",
          "Action" : 10
        },
        "0xf701-0x240000" : {
          "Text" : "[1;5B",
          "Action" : 10
        },
        "0xf70d-0x20000" : {
          "Text" : "[21;2~",
          "Action" : 10
        },
        "0xf702-0x260000" : {
          "Text" : "[1;6D",
          "Action" : 10
        },
        "0xf729-0x40000" : {
          "Text" : "[1;5H",
          "Action" : 10
        },
        "0xf702-0x300000" : {
          "Action" : 11,
          "Text" : "0x01"
        },
        "0xf706-0x20000" : {
          "Text" : "[1;2R",
          "Action" : 10
        },
        "0x34-0x40000" : {
          "Text" : "0x1c",
          "Action" : 11
        },
        "0xf700-0x280000" : {
          "Text" : "0x1b 0x1b 0x5b 0x41",
          "Action" : 11
        },
        "0x2d-0x40000" : {
          "Text" : "0x1f",
          "Action" : 11
        },
        "0xf70e-0x20000" : {
          "Text" : "[23;2~",
          "Action" : 10
        },
        "0xf702-0x220000" : {
          "Text" : "[1;2D",
          "Action" : 10
        },
        "0x7f-0x100000" : {
          "Action" : 11,
          "Text" : "0x15"
        },
        "0xf703-0x280000" : {
          "Action" : 10,
          "Text" : "f"
        },
        "0xf700-0x240000" : {
          "Text" : "[1;5A",
          "Action" : 10
        },
        "0xf707-0x20000" : {
          "Text" : "[1;2S",
          "Action" : 10
        },
        "0xf70a-0x20000" : {
          "Text" : "[18;2~",
          "Action" : 10
        },
        "0x35-0x40000" : {
          "Text" : "0x1d",
          "Action" : 11
        },
        "0xf70f-0x20000" : {
          "Text" : "[24;2~",
          "Action" : 10
        },