{
  "Profiles": [
    {
      "ASCII Anti Aliased": true,
      "ASCII Ligatures": false,
      "Ambiguous Double Width": false,
      "Ansi 0 Color":
      {
          "Color Space": "sRGB",
          "Blue Component": 0.23921568627450981,
          "Green Component": 0.23921568627450981,
          "Red Component": 0.23921568627450981
      },
      "Ansi 1 Color":
      {
          "Color Space": "sRGB",
          "Blue Component": 0.3764705882352941,
          "Green Component": 0.3764705882352941,
          "Red Component": 0.9411764705882353
      },
      "Ansi 10 Color":
      {
          "Color Space": "sRGB",
          "Blue Component": 0.5490196078431373,
          "Green Component": 0.7411764705882353,
          "Red Component": 0.40784313725490196
      },
      "Ansi 11 Color":
      {
          "Color Space": "sRGB",
          "Blue Component": 0.5843137254901961,
          "Green Component": 0.8196078431372549,
          "Red Component": 0.9411764705882353
      },
      "Ansi 12 Color":
      {
          "Color Space": "sRGB",
          "Blue Component": 0.7450980392156863,
          "Green Component": 0.6352941176470588,
          "Red Component": 0.5058823529411764
      },
      "Ansi 13 Color":
      {
          "Color Space": "sRGB",
          "Blue Component": 0.9725490196078431,
          "Green Component": 0.5490196078431373,
          "Red Component": 0.8627450980392157
      },
      "Ansi 14 Color":
      {
          "Color Space": "sRGB",
          "Blue Component": 0.8274509803921568,
          "Green Component": 0.792156862745098,
          "Red Component": 0.6666666666666666
      },
      "Ansi 15 Color":
      {
          "Color Space": "sRGB",
          "Blue Component": 0.9607843137254902,
          "Green Component": 0.9450980392156862,
          "Red Component": 0.9372549019607843
      },
      "Ansi 2 Color":
      {
          "Color Space": "sRGB",
          "Blue Component": 0.4235294117647059,
          "Green Component": 0.5803921568627451,
          "Red Component": 0.25098039215686274
      },
      "Ansi 3 Color":
      {
          "Color Space": "sRGB",
          "Blue Component": 0.37254901960784315,
          "Green Component": 0.6901960784313725,
          "Red Component": 0.8705882352941177
      },
      "Ansi 4 Color":
      {
          "Color Space": "sRGB",
          "Blue Component": 0.615686274509804,
          "Green Component": 0.5058823529411764,
          "Red Component": 0.37254901960784315
      },
      "Ansi 5 Color":
      {
          "Color Space": "sRGB",
          "Blue Component": 0.9725490196078431,
          "Green Component": 0.35294117647058826,
          "Red Component": 0.8117647058823529
      },
      "Ansi 6 Color":
      {
          "Color Space": "sRGB",
          "Blue Component": 0.8274509803921568,
          "Green Component": 0.7686274509803922,
          "Red Component": 0.5529411764705883
      },
      "Ansi 7 Color":
      {
          "Color Space": "sRGB",
          "Blue Component": 1,
          "Green Component": 1,
          "Red Component": 1
      },
      "Ansi 8 Color":
      {
          "Color Space": "sRGB",
          "Blue Component": 0.30196078431372547,
          "Green Component": 0.30196078431372547,
          "Red Component": 0.30196078431372547
      },
      "Ansi 9 Color":
      {
          "Color Space": "sRGB",
          "Blue Component": 0.4,
          "Green Component": 0.4,
          "Red Component": 0.8
      },
      "Background Color":
      {
          "Color Space": "sRGB",
          "Blue Component": 0.10588235294117647,
          "Green Component": 0.10588235294117647,
          "Red Component": 0.10588235294117647
      },
      "Bold Color":
      {
          "Color Space": "sRGB",
          "Blue Component": 1,
          "Green Component": 1,
          "Red Component": 1
      },
      "Cursor Color":
      {
          "Color Space": "sRGB",
          "Blue Component": 1,
          "Green Component": 1,
          "Red Component": 1
      },
      "Cursor Text Color":
      {
          "Color Space": "sRGB",
          "Blue Component": 0.10588235294117647,
          "Green Component": 0.10588235294117647,
          "Red Component": 0.10588235294117647
      },
      "Foreground Color":
      {
          "Color Space": "sRGB",
          "Blue Component": 1,
          "Green Component": 1,
          "Red Component": 1
      },
      "Selected Text Color":
      {
          "Color Space": "sRGB",
          "Blue Component": 0,
          "Green Component": 0,
          "Red Component": 0
      },
      "Selection Color":
      {
          "Color Space": "sRGB",
          "Blue Component": 1,
          "Green Component": 1,
          "Red Component": 1
      },
      "Background Image Location": "",
      "BM Growl": true,
      "Blinking Cursor": true,
      "Blur Radius": 25.331450267673766,
      "Blur": true,
      "Character Encoding": 4,
      "Close Sessions On End": true,
      "Columns": 80,
      "Command": "",
      "Cursor Type": 2,
      "Custom Command": "No",
      "Custom Directory": "No",
      "Default Bookmark": "No",
      "Description": "Default",
      "Disable Window Resizing": true,
      "Draw Powerline Glyphs": true,
      "Dynamic Profile Filename": "/Users/vitosartori/Library/Application Support/iTerm2/DynamicProfiles/DynamicDefault.json",
      "Flashing Bell": false,
      "Guid": "276F1793-2DB8-48E2-AF1F-34152C8E8C36",
      "Horizontal Spacing": 1,
      "Idle Code": 0,
      "Jobs to Ignore": [
        "rlogin",
        "ssh",
        "slogin",
        "telnet"
      ],
      "Keyboard Map": {
        "0xf700-0x260000": {
          "Text": "[1;6A",
          "Action": 10
        },
        "0x37-0x40000": {
          "Text": "0x1f",
          "Action": 11
        },
        "0x32-0x40000": {
          "Text": "0x00",
          "Action": 11
        },
        "0xf709-0x20000": {
          "Text": "[17;2~",
          "Action": 10
        },
        "0xf70c-0x20000": {
          "Text": "[20;2~",
          "Action": 10
        },
        "0xf729-0x20000": {
          "Text": "[1;2H",
          "Action": 10
        },
        "0xf72b-0x40000": {
          "Text": "[1;5F",
          "Action": 10
        },
        "0xf705-0x20000": {
          "Text": "[1;2Q",
          "Action": 10
        },
        "0xf703-0x260000": {
          "Text": "[1;6C",
          "Action": 10
        },
        "0xf700-0x220000": {
          "Text": "[1;2A",
          "Action": 10
        },
        "0xf703-0x300000": {
          "Action": 11,
          "Text": "0x05"
        },
        "0xf701-0x280000": {
          "Text": "0x1b 0x1b 0x5b 0x42",
          "Action": 11
        },
        "0x38-0x40000": {
          "Text": "0x7f",
          "Action": 11
        },
        "0x33-0x40000": {
          "Text": "0x1b",
          "Action": 11
        },
        "0xf703-0x220000": {
          "Text": "[1;2C",
          "Action": 10
        },
        "0xf701-0x240000": {
          "Text": "[1;5B",
          "Action": 10
        },
        "0xf70d-0x20000": {
          "Text": "[21;2~",
          "Action": 10
        },
        "0xf702-0x260000": {
          "Text": "[1;6D",
          "Action": 10
        },
        "0xf729-0x40000": {
          "Text": "[1;5H",
          "Action": 10
        },
        "0xf702-0x300000": {
          "Action": 11,
          "Text": "0x01"
        },
        "0xf706-0x20000": {
          "Text": "[1;2R",
          "Action": 10
        },
        "0x34-0x40000": {
          "Text": "0x1c",
          "Action": 11
        },
        "0xf700-0x280000": {
          "Text": "0x1b 0x1b 0x5b 0x41",
          "Action": 11
        },
        "0x2d-0x40000": {
          "Text": "0x1f",
          "Action": 11
        },
        "0xf70e-0x20000": {
          "Text": "[23;2~",
          "Action": 10
        },
        "0xf702-0x220000": {
          "Text": "[1;2D",
          "Action": 10
        },